city,kind,uuid,margin,year,green_view_index,building_view_index,type_highway
Athens,characteristic,1af520e5-2035-40c5-8a77-23935d51359e,0.508158802986145,2018,0.008302182578563154,0.6901204771460534,drive
Athens,characteristic,4b67b347-f899-42b1-aea7-d9e21229b6cf,0.5073375701904297,2018,0.05683296751590627,0.46242614726352926,walk
Athens,characteristic,5e5dffb8-ad39-477b-b809-a07769e873be,0.5057994723320007,2018,0.15093437963731482,0.25488065595211146,drive
Athens,characteristic,922d978d-0994-458d-b070-c2cbc32c0016,0.5034750699996948,2018,0.19069658881544643,0.39665387079312897,walk
Athens,characteristic,bb8949a1-bc50-44f0-9337-183313ca1ac6,0.5024610757827759,2018,0.1029033974310253,0.43239846976261054,drive
Athens,characteristic,1e71ffa4-be27-400a-a77e-700a6e3b05f9,0.502392590045929,2018,0.19573444586055558,0.3634420760459795,drive
Athens,atypical,ed966c95-785d-496e-b477-4e588baad906,-0.31715255975723267,2013,0.02084223852983499,0.4873722954034503,
Athens,atypical,5f740d43-85d3-4f4f-bc1c-70f127c8dcde,-0.23790419101715088,2018,0.02046996186039368,0.10985102516190134,drive
Athens,atypical,58f5c030-fdba-4459-af6c-0f2d05378b94,-0.22700846195220947,2018,0.26348485896569523,0.1883570208531764,drive
Athens,atypical,45407da2-a66f-4d95-8612-097a93b4bbce,-0.2109883427619934,2018,0.05642895395156735,0.03462863654481475,walk
Athens,atypical,58bd13db-c865-4cb9-b6a8-7ee7ad4732b7,-0.19805800914764404,2018,0.0,0.20884806725713773,drive
Athens,atypical,48a2d94c-182b-4d60-9a98-044dd4276db6,-0.19409102201461792,2018,0.12727745671277185,0.0937192522138406,drive
Berlin,characteristic,8b981e4b-3eb1-4d3e-b30e-c38689865c8a,0.5266791582107544,2021,0.0,0.4103195470600093,walk
Berlin,characteristic,95e153d7-1d6d-4e4a-9ba2-7c6ebf33abfa,0.5209897756576538,2021,0.0,0.35916937255027775,walk
Berlin,characteristic,6502661e-209e-4c4d-a69b-204ef998ef1f,0.5194697380065918,2020,0.059561855835239506,0.029858911414457078,walk
Berlin,characteristic,ba96eb7a-b496-43d0-a29d-bd3cd212dade,0.5190392732620239,2020,0.0031491704051096986,0.3716269147008288,drive
Berlin,characteristic,2f0e31a4-fe1d-428b-a331-3210db1b4d5b,0.5187047719955444,2020,0.0,0.40092622364518704,walk
Berlin,characteristic,a75eb64c-504c-4172-abb3-d5aa82df761e,0.5173924565315247,2022,0.0,0.4128033896862658,walk
Berlin,atypical,26e758da-37ce-4401-9162-9699b991aa61,-0.36073189973831177,2017,0.29331518352594194,0.028190603020098945,walk
Berlin,atypical,b8e9b1e2-e124-4b67-b0c0-62dfc8bf3e7a,-0.299812912940979,2022,0.5248921935770068,0.0,walk
Berlin,atypical,750b8425-319b-4310-9bc0-64994bc02624,-0.2910420298576355,2017,0.2755714181889988,0.04937821562233808,walk
Berlin,atypical,27fe28d7-9883-447d-89fe-d2bd47659aee,-0.2889396548271179,2021,0.10982207528922376,0.27954992102576137,
Berlin,atypical,08826963-25db-4656-ab31-131b8bd9fdc7,-0.24632638692855835,2021,0.2337469825033787,0.11388417736854858,drive
Berlin,atypical,3893afb4-ce4c-4a7a-89c5-81b02531f4d2,-0.2176416516304016,2021,0.0024909204513894447,0.5093393212320116,drive
Casablanca,characteristic,c410b7c1-88d0-4c9d-bef8-cf8de507c3de,0.5480108857154846,2018,0.044486882716049385,0.39022376543209875,drive
Casablanca,characteristic,0f191c4b-442c-4e7c-a981-89f77e3f4892,0.5468477010726929,2018,0.06849295910493827,0.32002652391975306,drive
Casablanca,characteristic,36e48ca3-23b7-409d-8d96-adadb135f2e2,0.544919490814209,2018,0.07181375385802469,0.14811680169753086,drive
Casablanca,characteristic,714e679d-9523-4744-9db6-a73716ddaf3a,0.544055163860321,2018,0.05927951388888889,0.430297550154321,drive
Casablanca,characteristic,5387e11d-aab7-4bc6-a290-834607204de5,0.5426763296127319,2018,0.01263406635802469,0.32058545524691356,drive
Casablanca,characteristic,2000c0ac-b182-43cf-957b-c718672d13de,0.5399703979492188,2018,0.0,0.46496720679012343,drive
Casablanca,atypical,ea99537b-0e54-442f-bfa1-f9424c34c321,-0.25735676288604736,2018,0.04349874614197531,0.541664737654321,drive
Casablanca,atypical,19db7868-11ab-4e21-82d9-e07c8ad93a7f,-0.24299633502960205,2018,0.07270785108024691,0.39967110339506173,
Casablanca,atypical,674919a6-0406-437a-bc94-3b8de183ad79,-0.2375287413597107,2018,0.15320119598765433,0.09527633101851851,drive
Casablanca,atypical,a5308c07-f4bd-4bb3-aa32-b0c72c8dc1be,-0.22975456714630127,2018,0.3362654320987654,0.1415089699074074,drive
Casablanca,atypical,0ae6e197-3c2a-46ba-bb64-70c063822a64,-0.22690975666046143,2018,0.056160783179012345,0.45544367283950615,
Casablanca,atypical,14a5e5e0-c9e7-4010-a151-04869fcdae58,-0.21724933385849,2018,0.05948929398148148,0.4758179012345679,
Dar es Salaam,characteristic,96565448-4c1f-4d7f-ace0-ca9720493c27,0.5776510238647461,2018,0.19181006639899,0.11060401207998577,drive
Dar es Salaam,characteristic,aa3ebdd3-61b8-4496-a480-3b1211540592,0.5719765424728394,2018,0.3322205405519032,0.000216777814564316,drive
Dar es Salaam,characteristic,6f4f86aa-d598-4b37-aff9-28b782f898e9,0.5718624591827393,2018,0.2877874824351824,0.22884710506877012,drive
Dar es Salaam,characteristic,a518c2f7-f58f-4a42-8842-b1268a961d64,0.5702316761016846,2018,0.2540809055447997,0.1847167515705747,drive
Dar es Salaam,characteristic,8b0f870b-495a-4685-a758-d3c3f710f230,0.5684289932250977,2018,0.27708593177819224,0.12244322679548518,drive
Dar es Salaam,characteristic,8ee576ce-5a0d-4a16-9e13-0570705c8f2e,0.5679872035980225,2018,0.4082317886969038,0.005541584875394163,drive
Dar es Salaam,atypical,6e44d12d-782a-42f1-b255-d57e49042c30,-0.3869156837463379,2018,0.1256131495160805,0.710766351093769,drive
Dar es Salaam,atypical,df9651de-9473-4332-afc8-fb76304d5edd,-0.2893581986427307,2018,0.20654843288149277,0.018414781827415135,drive
Dar es Salaam,atypical,545e3acb-9c37-442e-a7e4-99d4d8342bf3,-0.2858579754829407,2018,0.15581765917654827,0.05366973625768221,walk
Dar es Salaam,atypical,c1bede01-878d-429d-b889-6ade9775cb1c,-0.26700592041015625,2016,0.0,0.0,drive
Dar es Salaam,atypical,b675dfbf-2d2f-4edc-afeb-24882b4fb61c,-0.23605167865753174,2018,0.15353252347000648,0.03188314132184749,drive
Dar es Salaam,atypical,9003e4df-8a0b-40be-8367-d7372945de38,-0.21193188428878784,2018,0.28230009008254076,0.0036674592533623832,drive
Jakarta,characteristic,1cf0b231-3388-406a-a227-65217d48c5db,0.5614744424819946,2019,0.25723147397051105,0.09862371249974437,
Jakarta,characteristic,b4598d0c-1398-46c0-9e62-89dcb8e60e27,0.5571708083152771,2019,0.10657756242353286,0.05510334012724701,walk
Jakarta,characteristic,b09a39f0-fe6b-4ab5-bcac-b375b825abcc,0.5537254810333252,2019,0.1453981964478047,0.3568258854089671,drive
Jakarta,characteristic,bc2d5368-198c-465f-854c-5dc8432fd3fd,0.551984429359436,2022,0.1909335853908718,0.34091266127083997,drive
Jakarta,characteristic,b588232b-0fe8-42f3-8d01-750294947195,0.5480660200119019,2019,0.20146561323786524,0.16092650244533377,
Jakarta,characteristic,b192ac7e-511f-424e-9952-bc76885ab49a,0.5464839935302734,2022,0.18232092590172064,0.15269859279431997,drive
Jakarta,atypical,5ce77314-8cb4-4f1f-a565-e7666db80ad6,-0.33729982376098633,2020,0.01689365740851482,0.1546493944773807,drive
Jakarta,atypical,f49e3495-3cd6-4a44-95ba-d7866a891948,-0.26876330375671387,2018,0.34395215585529937,0.019232508793739323,drive
Jakarta,atypical,5bd7250b-45a3-44c7-b3aa-8d0b18192ee6,-0.25231295824050903,2014,0.16490307230926052,0.5104964323254246,
Jakarta,atypical,fad4e7aa-2de2-4d40-a307-36a5a244a341,-0.24168843030929565,2020,0.5299433869866321,0.04882952891398245,drive
Jakarta,atypical,c445da09-ee74-4dfa-ac5c-a7c3ac04bb07,-0.22815442085266113,2022,0.703159944893301,0.0,drive
Jakarta,atypical,31aa1ee7-f738-47cc-92b6-4a49c931ae7c,-0.22449183464050293,2018,0.224980963149272,0.214179313032487,drive
Kampala,characteristic,bbffe177-7c31-45dc-9214-21fed6549a8e,0.5364753007888794,2019,0.07897706375531333,0.07635470504442524,drive
Kampala,characteristic,88cad581-611e-435b-90f0-85eb4b888c2d,0.5187957286834717,2018,0.024600960546111106,0.10340659784951728,drive
Kampala,characteristic,f6dfe460-e555-4afb-8495-45dfae8c26df,0.5144658088684082,2019,0.22025574406356357,0.020242770079756448,drive
Kampala,characteristic,4e1f9767-56f2-4a4a-b5af-6e83b6a38596,0.5118023753166199,2019,0.13884752635755968,0.08214730429815342,drive
Kampala,characteristic,e8288b03-898d-435f-90fb-5066bc84f8f7,0.5110170245170593,2017,0.09342773064881167,0.06597358338690877,drive
Kampala,characteristic,78e0ee9a-7fd1-4fd4-b5c3-1c2b81dfe7f1,0.5096889734268188,2018,0.3132195959830132,0.14361254834188647,drive
Kampala,atypical,9cd47697-81dc-40ab-b201-01e53e523e7a,-0.3362423777580261,2018,0.47872784203858393,0.12581499067846363,drive
Kampala,atypical,ba4d37e9-bd49-4363-8b7f-e045c7365c03,-0.306943416595459,2018,0.5624431696278057,0.0,drive
Kampala,atypical,92eef162-570c-4678-ac1a-238c35840c0d,-0.2799875736236572,2018,0.0,0.17784282009807698,drive
Kampala,atypical,ea5a004f-3521-495b-9e02-690dfe5bea9d,-0.27611902356147766,2018,0.07685859462991462,0.8365825244387891,drive
Kampala,atypical,0dedada0-e43d-46bb-b250-19aee0fb2202,-0.2634693384170532,2018,0.3305660839210917,0.18504591611536514,drive
Kampala,atypical,c8ac14f4-934f-41f2-9f1a-fa3e672f4fa2,-0.2598113417625427,2018,0.5968487279415432,0.12248111193679549,drive
Kuwait City,characteristic,7b56a355-1cd6-4cc4-a6f4-099563ce61c1,0.5647807121276855,2022,0.0,0.0962738620963187,drive
Kuwait City,characteristic,ba517515-1762-430a-ba75-5e73e98e6567,0.5623503923416138,2022,0.05508632492903657,0.156867590582735,drive
Kuwait City,characteristic,60180e2c-0eed-4805-9eae-974261409978,0.5589985847473145,2022,0.10141018797601035,0.15350995131700934,drive
Kuwait City,characteristic,4ec924c2-fc28-48f5-af08-6bbdc5026535,0.5589600205421448,2022,0.1327434867802754,0.014248477879353643,drive
Kuwait City,characteristic,2a72a4be-96a2-4e8f-bfcc-40dabec56d72,0.5586289167404175,2022,0.13787491636842128,0.008445920100371804,drive
Kuwait City,characteristic,effc900c-67ed-4398-9d96-169c4b37d0ca,0.5570369958877563,2022,0.004849116165259495,0.14281447838457054,drive
Kuwait City,atypical,632dbce9-b12c-413b-8f3b-1788e354a5cd,-0.43452468514442444,2022,0.0957697279753555,0.24077894215694365,walk
Kuwait City,atypical,23301c96-9d3a-43ed-b77e-50175e243349,-0.3494775891304016,2015,0.06335004359197907,0.2279574433304272,
Kuwait City,atypical,231d6e2e-3292-4314-afd2-78a92364870b,-0.2563333511352539,2015,0.0,0.6960433740142421,walk
Kuwait City,atypical,77606bd0-5186-485a-9db7-02fb31b574a6,-0.25170469284057617,2017,0.17778697277756994,0.08054984997559471,drive
Kuwait City,atypical,e5bb0954-b28d-4e00-9b4e-2ff434e1f3da,-0.22785651683807373,2017,0.11070421202789264,0.10257093280024297,drive
Kuwait City,atypical,27c53c0f-707e-494b-aefc-f17831450b7e,-0.22260594367980957,2015,0.0,0.6416791584167675,walk
Lima,characteristic,4f8ddf24-5941-46a8-9439-540ac95b3a19,0.5539383888244629,2016,0.02501134272993334,0.05058608259501718,drive
Lima,characteristic,8d8866d5-0f63-436c-b7b8-55fdbd779b98,0.55366051197052,2016,0.018100024073182473,0.08024895682875943,drive
Lima,characteristic,512abac6-56d2-4673-9f6f-67016d8ef791,0.5525920987129211,2016,0.009007166285584881,0.08694752272489305,drive
Lima,characteristic,908fe593-4892-4017-a1c1-ad3b548acc5f,0.5513004064559937,2016,0.0,0.18357248149931257,drive
Lima,characteristic,4085a00e-0b50-4dc2-b3fe-f25be331883f,0.5509908199310303,2016,0.0,0.1825081027175268,drive
Lima,characteristic,6a33f69e-ba2b-4bca-9004-520524847aae,0.5448235869407654,2016,0.023784219682960035,0.0340859029466448,drive
Lima,atypical,753c1315-488f-4b1e-b727-d16562757ee1,-0.4267495274543762,2022,0.6656342995275017,0.02111214448152252,walk
Lima,atypical,05178a5d-dacd-43b2-8028-d96fa59d3a71,-0.39288219809532166,2022,0.432932205246153,0.043987185805815676,walk
Lima,atypical,d9eb09df-195e-43d3-b86c-022bb8fb60e0,-0.37805700302124023,2016,0.0,0.3696984299183908,drive
Lima,atypical,6e803aaf-c8cf-4f51-8d3d-630782581e29,-0.3719457983970642,2022,0.6175952947928637,0.14664676326136777,walk
Lima,atypical,0125fad1-0e3a-49bd-87db-38001c408c77,-0.3640751242637634,2016,0.0,0.34353846528380166,drive
Lima,atypical,5cb1bf37-ca93-4cc8-a092-61f5b91af8a8,-0.3551639914512634,2016,0.0,0.35104768194290864,drive
Lisbon,characteristic,be205d8f-2fca-4eac-b745-5915b90bb187,0.5245747566223145,2021,0.0,0.548990917986499,drive
Lisbon,characteristic,1c4ff33e-bae7-40c0-aa1b-ce6f99552e5c,0.5206791758537292,2017,0.0,0.5959695418143626,drive
Lisbon,characteristic,cd74823f-7f2d-4735-b4a5-ead41e3d8d94,0.5204530954360962,2017,0.0,0.592372063501973,drive
Lisbon,characteristic,86ba3e7c-3a8a-4a78-9971-3d800b0a05c8,0.5195482969284058,2017,0.0,0.5007190622937883,walk
Lisbon,characteristic,8dfc1321-1653-4fa6-a8b3-74c7b73f64b5,0.5194397568702698,2019,0.0,0.5094546793663395,drive
Lisbon,characteristic,83c59126-0790-4c6c-87e5-57bb8ce183ca,0.5192814469337463,2018,0.0,0.4857799552737055,walk
Lisbon,atypical,98053b55-b9cc-42f3-b20b-c27eb7131a52,-0.33844614028930664,2017,0.0,0.46892139062154536,walk
Lisbon,atypical,2459d885-ae8e-49e5-9db6-bf565dc50447,-0.2826218605041504,2019,0.07293415616871525,0.0,drive
Lisbon,atypical,78276d74-9230-4693-b177-4d437ed8d897,-0.24979794025421143,2021,0.0,0.5321443733457676,drive
Lisbon,atypical,39f776f4-383c-404a-a9f3-3ba573e14b5b,-0.2215983271598816,2017,0.0,0.7548594367290332,walk
Lisbon,atypical,75451e2c-d711-4d97-9268-67da5bfa3063,-0.22047972679138184,2017,0.0,0.9962603251139323,drive
Lisbon,atypical,21daaeca-0cfc-411a-a2d3-d51e045e4b60,-0.2126891016960144,2012,0.0,0.0,walk
Maseru,characteristic,6b363914-30bd-4135-b406-a3c2363cf94e,0.5179077386856079,2017,0.3130727986865895,0.015021353311581704,drive
Maseru,characteristic,8562a3d1-7e42-439a-845b-05fd4a644122,0.5177083015441895,2017,0.36290750495023877,0.04731392926011725,drive
Maseru,characteristic,37d37868-08f6-4ee3-abdc-85bc242739aa,0.5164686441421509,2018,0.20675252258425614,0.07200546102221549,drive
Maseru,characteristic,c259f7f7-4b01-4369-8726-8114e57f10a6,0.5149728655815125,2020,0.31147764994037835,0.0,drive
Maseru,characteristic,4ade0546-3ad2-4221-bb89-317bca129c89,0.5118532180786133,2015,0.3705881757165558,0.0,drive
Maseru,characteristic,74c94aa3-becf-4695-b4e8-a6efce03d179,0.5116541385650635,2015,0.3770317311807999,0.013689445793355277,drive
Maseru,atypical,742ffc19-1772-4144-a0cc-a734ca308cd0,-0.3520352244377136,2017,0.44936177840993413,0.04296883609599699,drive
Maseru,atypical,ef38df48-cfe6-4aea-8620-cc2dea03917c,-0.3229715824127197,2018,0.0,0.8659594556078096,drive
Maseru,atypical,44f596b1-1127-47da-b718-36e4ac22749a,-0.266046404838562,2020,0.0,0.0,
Maseru,atypical,64a739fd-5540-47c8-a363-5f5a384ee507,-0.26434290409088135,2016,0.36626379877597615,0.009464609435842413,drive
Maseru,atypical,f1e84abf-d7ca-4325-aece-7553c44b55d0,-0.24640434980392456,2018,0.1386650454470895,0.0191057429186639,drive
Maseru,atypical,44ec27e1-dadc-43c7-8e48-fc592f0a26de,-0.2428267002105713,2018,0.13910410214673022,0.004662611379467069,drive
Melbourne,characteristic,9f74dc8c-11c9-4683-989b-0ba0596f23f2,0.5219738483428955,2020,0.2043780199035826,0.16450911904559384,drive
Melbourne,characteristic,00c34455-796c-4c54-85b8-8b3183edcc5e,0.5205594897270203,2019,0.23465670114811868,0.1998365920200068,drive
Melbourne,characteristic,8d4826e7-baab-4d95-b507-2e60677a9135,0.5193381905555725,2020,0.15358073262799724,0.12899011111701844,drive
Melbourne,characteristic,99488dab-c821-4e35-a322-27851a789e2f,0.5187337398529053,2020,0.0681685780050109,0.33292594327772457,drive
Melbourne,characteristic,7cbdbd38-5024-4fb5-bde8-2eb450aff407,0.5186306834220886,2019,0.20689150275757723,0.16435186711920569,walk
Melbourne,characteristic,a5f251ca-4ce5-46af-b606-6d4189592ef3,0.5176084041595459,2020,0.24394574409314976,0.3021802757946626,walk
Melbourne,atypical,55f10012-0427-4f19-b805-7a7001bc214c,-0.4410739243030548,2019,0.013465192457580195,0.22457301358203863,drive
Melbourne,atypical,13fb4dad-4b24-4e86-b0f1-f024692ca07b,-0.31645631790161133,2019,0.1269647837502783,0.0,drive
Melbourne,atypical,ddaff836-816e-496b-86a6-4fb1e0d0644e,-0.30689799785614014,2019,0.0,0.20822280136368818,drive
Melbourne,atypical,480e6f3f-3d3e-4012-913e-0ab5b7d69916,-0.2982911467552185,2019,0.19892448721247274,0.1768981582758575,drive
Melbourne,atypical,3faf8245-8dd2-4e2f-8ecd-6f463fb2509f,-0.29802262783050537,2019,0.1822772286071094,0.0026257476326657214,drive
Melbourne,atypical,0d38a74a-9526-40c4-b6c8-5e868e36b9d5,-0.2972102165222168,2022,0.13784874118598112,0.002283361117879968,cycle
Moscow,characteristic,2dbd8a61-13b8-4da7-90e4-291ec1554255,0.5753540992736816,2021,0.005214794604002348,0.3359689351326935,drive
Moscow,characteristic,76d44839-5c29-4e20-a376-32328c63dc1d,0.5697727203369141,2021,0.06184187946994991,0.3576608506366195,drive
Moscow,characteristic,dd0fd32f-c84e-4e29-ba1c-1e436f927a88,0.5697308778762817,2021,0.040941743138313336,0.2028012498442885,drive
Moscow,characteristic,c98b5f11-6871-465d-b3b8-93c3eb29247a,0.5677676200866699,2021,0.12041464484738948,0.27650760596952373,drive
Moscow,characteristic,970b0fbc-e279-45f4-9c27-9be1edc08808,0.5670552849769592,2020,0.05711090872093138,0.27098961224719614,drive
Moscow,characteristic,d6ecf576-95fb-4c45-ba4a-040f6de9fd57,0.5653432011604309,2021,0.09373909708554277,0.26324262996274034,drive
Moscow,atypical,1ebf85b4-fb5b-4916-8522-0ea9aa35e398,-0.28096210956573486,2020,0.05758554748431983,0.1828036992801154,drive
Moscow,atypical,21ed4783-39e8-41b8-8965-280f0df854cf,-0.2422526478767395,2020,0.0,0.4298757941497263,walk
Moscow,atypical,447e8514-67b3-4c1d-8ad8-311dc517c6e1,-0.23766696453094482,2020,0.02041021801706445,0.3159595203366421,walk
Moscow,atypical,d3e6c31a-6962-4b58-99aa-6640f9876c8b,-0.22642028331756592,2020,0.06592245702513125,0.42064439704312934,walk
Moscow,atypical,39551e1a-ad96-4579-bd43-a9297edaf236,-0.18516916036605835,2020,0.0,0.4161899196532333,drive
Moscow,atypical,33619e86-7414-4956-97e6-9621b09c5587,-0.18179935216903687,2020,0.0,0.02673342725690079,drive
Ottawa,characteristic,cb7aa068-a3e5-4903-bc89-24a7668f8609,0.49963080883026123,2017,0.01607150469640345,0.24009724804063542,walk
Ottawa,characteristic,60668fef-7eca-45ae-90a5-87e69abd57f5,0.49705246090888977,2015,0.06409114200447522,0.12005839927284151,drive
Ottawa,characteristic,9f5dabff-541c-4436-9a5b-4a3e8c4218df,0.4969466030597687,2020,0.2479411432790242,0.039334802666554265,drive
Ottawa,characteristic,3992b911-daec-4335-9918-ecbc3eaedd66,0.49684613943099976,2017,0.2305046166508063,0.02495434788199892,cycle
Ottawa,characteristic,ecf4c19a-e66b-46fc-9bea-508ca999b082,0.48961973190307617,2018,0.08726066338207457,0.2283582975523853,walk
Ottawa,characteristic,6ebb2529-60ab-4216-aec1-dfbaaf01f765,0.48661112785339355,2020,0.28413671940335067,0.06429415243109836,drive
Ottawa,atypical,3b047aa8-88b5-4225-b543-77011d2c95d5,-0.36967235803604126,2016,0.0,0.0,walk
Ottawa,atypical,a552fc7b-dadc-4a71-8c65-688801e80259,-0.35858219861984253,2015,0.1084588641202982,0.018862640875395614,drive
Ottawa,atypical,ee752216-ace9-4982-bc14-1f4e87c263e1,-0.35802894830703735,2015,0.3706845011387655,0.0003264589193057563,drive
Ottawa,atypical,37a7580b-0232-484e-9f83-dc7b8d5ee7ce,-0.32416921854019165,2015,0.3220625593389957,0.0038644119986656743,drive
Ottawa,atypical,74c471a6-08e6-4593-a32b-8e23b34f374b,-0.288097620010376,2017,0.17090800338685497,0.18122781260438273,drive
Ottawa,atypical,7a63be99-60e6-4059-b1ed-12a53a39a54b,-0.28014105558395386,2015,0.35951332707147154,0.0021761902369071043,drive
San Francisco,characteristic,9daa17af-4a20-4f0e-840b-b5c36cde5b0e,0.5721193552017212,2016,0.2877777777777778,0.11556520061728395,drive
San Francisco,characteristic,dd01bc59-c145-4f5a-9476-c0fcc9dbd968,0.570856511592865,2016,0.20066116898148148,0.24519338348765432,drive
San Francisco,characteristic,ee6875fe-7542-457d-91e6-1be437a5c459,0.5706576108932495,2023,0.2478179931640625,0.10343201955159505,drive
San Francisco,characteristic,1470a28d-5878-4c06-ada7-79ade436c1d9,0.5702654123306274,2022,0.28476851851851853,0.055987172067901235,walk
San Francisco,characteristic,79df8637-4d02-4f67-abb8-231425f5be47,0.5700885057449341,2022,0.05930025077160494,0.2732151813271605,drive
San Francisco,characteristic,c8a6b375-149d-4ffe-b581-e3f458cf93b5,0.5680224895477295,2016,0.4153245563271605,0.10977575231481482,drive
San Francisco,atypical,86de82b9-fe3c-46e9-bf2b-e506a867226a,-0.32433444261550903,2015,0.24835427602132162,0.06838607788085938,walk
San Francisco,atypical,7f8db84e-9671-43c0-b9f9-21a5d0965077,-0.31083178520202637,2016,0.3088064236111111,0.5937601273148149,drive
San Francisco,atypical,c7bab846-fcd1-4d48-927a-9ab35e37b176,-0.2892904281616211,2015,0.25142383575439453,0.05602900187174479,walk
San Francisco,atypical,ebf54a5b-19d3-48d4-bc59-94e9da154d47,-0.2813388705253601,2017,0.006674854538636474,0.33122455938210676,drive
San Francisco,atypical,5799d3c8-066a-4462-a948-115923c806a9,-0.28127121925354004,2019,0.0007307264539930555,0.0002714557412229938,drive
San Francisco,atypical,0cacc777-ccd7-4c29-aa97-02f4cbab0ba3,-0.2641891837120056,2016,0.157881462191358,0.6981862461419753,drive
San Jose,characteristic,6188a46f-cb98-4a3e-8a61-8d06c51f13ca,0.48584815859794617,2018,0.0,0.356660933985977,drive
San Jose,characteristic,896a282d-6a10-4f0f-a851-8ff998226a2a,0.48291826248168945,2017,0.16375931169081062,0.19187168421341982,walk
San Jose,characteristic,683cc87c-0c71-4274-908d-4fa6e43c7e34,0.4822787642478943,2022,0.02689429885158112,0.22669265920969106,drive
San Jose,characteristic,2039012b-9abe-44b9-93c7-0fd1b5bc97a3,0.48019343614578247,2019,0.003947820339180756,0.29403744337806925,drive
San Jose,characteristic,aaac5b1d-ce1d-4900-a9a0-601e45304b52,0.4779960811138153,2018,0.17910183376248628,0.11546054573880629,drive
San Jose,characteristic,63991658-7e06-4929-a1b0-2ab2dbd76d2d,0.47768139839172363,2017,0.0,0.1193723351499308,drive
San Jose,atypical,fd7a33a2-ae9d-4d53-beac-beb7185cc353,-0.42063823342323303,2018,0.035681176265621166,0.0,drive
San Jose,atypical,bbcf72c5-9524-4a6f-9c71-51a20cfcb0f9,-0.3453819751739502,2015,0.011796904950235599,0.24015023948056738,drive
San Jose,atypical,aa1818d2-3475-4cc8-8531-379018522b9a,-0.3434298038482666,2015,0.0,0.6582844410714459,drive
San Jose,atypical,486cc88d-0e75-436a-b139-4fb3e28fa7bc,-0.33283060789108276,2015,0.2298441603031594,0.12179403218525277,drive
San Jose,atypical,81c63b33-7f69-4bda-a609-fd30948b11bc,-0.32813090085983276,2015,0.38529662531972825,0.07341186001215155,drive
San Jose,atypical,0d99a8aa-50b6-4415-9197-5bdd1841a27e,-0.31737861037254333,2017,0.0,0.0015217536983715418,drive
Sao Paulo,characteristic,59eea3fd-4202-4d48-95d9-7c89abae1348,0.49858593940734863,2020,0.3232553270128038,0.39560572306315106,drive
Sao Paulo,characteristic,c16c2009-0c17-459a-b21d-97491aa67dda,0.49770599603652954,2021,0.2701428731282552,0.41131337483723956,drive
Sao Paulo,characteristic,1381f1a9-b3f2-4f0a-892c-6e6109387121,0.49443504214286804,2021,0.38682852851019967,0.12078475952148438,drive
Sao Paulo,characteristic,83d7a451-e1bb-4c0d-873b-3ed579105420,0.494023859500885,2021,0.18576600816514757,0.3238088819715712,drive
Sao Paulo,characteristic,ac0c1ab9-36ec-447f-bd1e-5232943ffa10,0.4936861991882324,2021,0.21985838148328993,0.21590084499782985,drive
Sao Paulo,characteristic,985a2775-d8aa-4d18-82e1-3648fe2b9800,0.49203282594680786,2019,0.2280849880642361,0.30363506740993923,drive
Sao Paulo,atypical,387b99fa-c54c-4544-9271-ad814f919f37,-0.3915168046951294,2019,0.0,0.5138969421386719,walk
Sao Paulo,atypical,9b15f817-79ea-49d3-9931-610424e4f28e,-0.3791379928588867,2019,0.0,0.541091071234809,walk
Sao Paulo,atypical,b564622b-8bfd-472e-8ee3-0a7cb511f744,-0.2603694200515747,2020,0.2952694363064236,0.0015207926432291667,drive
Sao Paulo,atypical,484e917d-92ef-4b4c-ae28-a2c5c722cf0a,-0.2203543782234192,2020,0.2668774922688802,0.00034628974066840275,drive
Sao Paulo,atypical,698aec87-601a-4228-99cf-82f78ae938f4,-0.209142804145813,2021,9.875827365451389e-05,0.4427163865831163,walk
Sao Paulo,atypical,76c781b4-442b-4f59-8846-855567e4cc0f,-0.20544660091400146,2021,0.3224978976779514,0.0,drive
Singapore,characteristic,9beaa0b9-70c2-4c32-bfdf-430cf178af13,0.5223838686943054,2015,0.4515588747003693,0.011765267087066156,drive
Singapore,characteristic,0148e113-6884-4ae1-b1d2-340cdf1e3c0b,0.5120839476585388,2015,0.4704816326105196,0.035624762232332234,drive
Singapore,characteristic,565bc881-a967-4d8d-b42b-8ca045ba9818,0.5082775354385376,2015,0.5313169075230143,0.0029990029088267046,drive
Singapore,characteristic,1b77a673-b617-4127-b990-8639134510b2,0.5064643025398254,2015,0.3757981410653166,0.012958054942787766,drive
Singapore,characteristic,1c2478e4-d318-401f-807e-38fdbe05f975,0.5063467025756836,2015,0.653140897789326,0.0036876755154569485,drive
Singapore,characteristic,5b58401a-ff44-4bbe-9ca4-c1db2cc75e8c,0.5060275793075562,2015,0.4414312607962597,0.03406834097044799,drive
Singapore,atypical,77487be6-ca91-48c6-af01-ab723c0a0a80,-0.3104872703552246,2017,0.6117450122137216,0.011814450630525624,walk
Singapore,atypical,ef15510b-6686-4130-ba32-189cce9cee15,-0.29948800802230835,2020,0.47186837377119295,0.0,
Singapore,atypical,9ee7460a-aed8-4179-81b5-6fe00094f9d3,-0.2777647376060486,2015,0.423378487719573,0.0,walk
Singapore,atypical,ab1ad55f-3c5d-4ee7-938b-4b056f6f7c65,-0.275418221950531,2015,0.1732964722373647,0.08381875762531475,drive
Singapore,atypical,ab220965-566a-4928-a61a-1bd7a1e2ecbd,-0.2650342583656311,2017,0.10181685438547125,0.04000273782996555,
Singapore,atypical,ec7d9baa-e2fc-41ff-a855-28fea71409a0,-0.2586101293563843,2020,0.4648663962471313,0.0,
Taipei,characteristic,f7de6d43-daf0-4419-bb7b-53360614d2d2,0.5169225931167603,2020,0.1007907679240946,0.37627644280406386,drive
Taipei,characteristic,be5d2807-3206-4e4d-ac59-b758e6f14e97,0.5116102695465088,2020,0.0452002983518043,0.3324206760440663,drive
Taipei,characteristic,affa8d64-3e3b-4b25-b262-647a34cba15e,0.5106379985809326,2020,0.2137669854287218,0.12327400457721063,walk
Taipei,characteristic,c5df4d20-2f81-46af-9bc4-b306680dd583,0.5102605819702148,2020,0.07701219741868279,0.6413678357537241,drive
Taipei,characteristic,d29ffb0f-c591-467d-9891-39f65809494f,0.5089641809463501,2020,0.07529130525825663,0.26564672433593844,drive
Taipei,characteristic,a418bfe6-179e-4705-9045-b287713f8b12,0.5087561011314392,2020,0.0672478629691822,0.12518136911263633,walk
Taipei,atypical,4a14e8c2-a69a-4ced-90e9-d07106530107,-0.3632546067237854,2019,0.04309111701199775,0.051534122846122535,drive
Taipei,atypical,fdfee36a-ed5e-465c-9b07-4c34393e40ad,-0.33538806438446045,2019,0.00910968435948919,0.24490925563774318,drive
Taipei,atypical,2cfe8ff3-7f9d-4744-bdde-e06f2b1fdda9,-0.3294798731803894,2019,0.09370364799966809,0.05309151635220778,drive
Taipei,atypical,a41675e5-ecb4-40d5-bc57-ede44c524ab5,-0.3248157501220703,2018,0.39310572041537933,1.4267962716516335e-05,
Taipei,atypical,b1e712ca-35b5-45f7-8543-11387c14f48c,-0.2965218424797058,2019,0.02575495408031443,0.22686334228499697,drive
Taipei,atypical,9cc0face-f0b3-4305-a63d-ab1efa3f054e,-0.24566888809204102,2017,0.019086776350347924,0.5122534873314699,drive
Tokyo,characteristic,337ffd23-1ebf-4748-8746-63aeeacd1f7a,0.4985918700695038,2019,0.0,0.6020143863595998,drive
Tokyo,characteristic,bbf8f0cb-589e-4007-844b-f33a88df8016,0.4978496730327606,2019,0.006027276943876997,0.5723865352162715,drive
Tokyo,characteristic,49536bc3-c350-4415-9b52-8593bf6d7d57,0.4964284598827362,2020,0.0,0.44328234742427197,drive
Tokyo,characteristic,0f8d426f-1028-4975-bc38-30de37af10a4,0.4964083433151245,2019,0.06548469970459381,0.3522519909761237,drive
Tokyo,characteristic,f2a1f8d7-e9dc-4f60-b984-fe0d3a555fd1,0.4950910210609436,2018,0.039785069445290956,0.1468724629978619,drive
Tokyo,characteristic,5711f26e-2636-49cd-8b87-bcb1afa1f92e,0.49421513080596924,2019,0.04630770713202591,0.13805082639808094,walk
Tokyo,atypical,89556d4d-3475-419d-8f30-23d9d0355b7e,-0.4354894459247589,2019,0.0,0.9833862436565077,drive
Tokyo,atypical,6158d9cb-8536-4a3b-8bdb-50b93f7829df,-0.4051370620727539,2018,0.2410626645733147,0.11566923390735681,
Tokyo,atypical,f5b9bbfe-dad2-4522-bdcf-461823b65c55,-0.3263072967529297,2018,0.032749444969672505,0.26878206694356216,drive
Tokyo,atypical,e31bc6e0-179b-4d2e-b848-af5772d3e4ed,-0.28354889154434204,2018,0.2023458671877509,0.023443849633272975,walk
Tokyo,atypical,e8e4d359-0477-4f92-9eb5-228b6a2fc188,-0.2752836346626282,2021,0.05050957418480234,0.18589034942614066,drive
Tokyo,atypical,6da2a352-0154-4817-ae07-7a2f9e3a63d7,-0.2679399847984314,2019,0.0,0.6209021764267544,drive
Washington,characteristic,50994f07-5755-4e46-b04f-76941e88bfc7,0.6307100653648376,2021,0.0,1.0,drive
Washington,characteristic,2126f8d7-695b-4db2-8598-dd8475406a2e,0.6301900744438171,2021,0.0,0.001083151120995222,walk
Washington,characteristic,a044fe72-f35e-4219-a431-6eb00f9d9c8f,0.630024790763855,2021,0.0,0.0008828112547989806,drive
Washington,characteristic,93497522-b273-4c47-b2a1-e0653d201296,0.6280921697616577,2021,0.0,0.0,drive
Washington,characteristic,b6a5355f-f42c-402e-b190-85e1ccca8a76,0.6280050873756409,2022,0.0,0.010748213865117375,drive
Washington,characteristic,96e19e51-d8e5-4154-bd34-1505639419d0,0.6279551982879639,2021,0.0,0.0,drive
Washington,atypical,bbc40bba-c16d-40b9-b03b-48eca7992b72,-0.46488791704177856,2020,0.3579538304686035,0.0,walk
Washington,atypical,db497916-45ac-4d98-bc00-b4a9ae4ca75b,-0.4647829830646515,2020,0.34360235209531637,0.0,drive
Washington,atypical,5832e10a-733e-4749-809d-187bce424560,-0.4371047019958496,2022,0.3984422760251504,0.1912595244103255,drive
Washington,atypical,a067ff55-2628-4b9d-8f04-7bbd2b346244,-0.371964693069458,2022,0.0,0.0,drive
Washington,atypical,6d402c35-daa2-4959-8a85-4315b361fda2,-0.360596239566803,2019,0.19948599248948987,0.047464489965943595,drive
Washington,atypical,1f7af05b-73c8-41a9-9e88-c8b3fdf6cae6,-0.32465338706970215,2022,0.06531725313961516,0.007371409500907483,cycle
