mode,city,n,share,green_view_index,building_view_index,sky_view_index,top_road,top_road_share,top_year,top_year_share,top_month,top_month_share,top_hour,top_hour_share,top_source,top_source_share,top_projection_type,top_projection_type_share,confound_flag
0,Athens,2045,0.409,0.1447051834594858,0.334334355206115,0.13903240233049663,drive,0.8420537897310514,2018,0.9242053789731052,10,0.8973105134474327,9,0.26748166259168704,Mapillary,0.9867970660146699,perspective,1.0,month(+0.30)
1,Athens,1959,0.3918,0.09940766476078092,0.3452297452186352,0.06367597081137262,drive,0.7192445125063808,2018,0.8560490045941807,10,0.5599795814190913,16,0.16743236345074017,Mapillary,0.9826442062276671,perspective,1.0,-
2,Athens,996,0.1992,0.1329535561350977,0.3745499352121481,0.06438819727919998,drive,0.5983935742971888,2018,0.7841365461847389,8,0.8493975903614458,10,0.3253012048192771,Mapillary,1.0,perspective,1.0,month(+0.64)
0,Berlin,1944,0.3888,0.0821888267368058,0.22434642913121783,0.175854842865592,drive,0.5601851851851852,2022,0.4074074074074074,12,0.13117283950617284,17,0.15689300411522633,Mapillary,0.7983539094650206,fisheye,0.5349794238683128,-
1,Berlin,2042,0.4084,0.09863104122995298,0.20781317142858652,0.1690650931876292,drive,0.4951028403525955,2022,0.44809010773751223,9,0.13124387855044076,9,0.14397649363369247,Mapillary,0.8202742409402547,fisheye,0.5533790401567091,-
2,Berlin,1014,0.2028,0.11638753300190983,0.21689987791712512,0.12400360898075699,drive,0.4289940828402367,2022,0.41025641025641024,9,0.1351084812623274,9,0.15581854043392504,Mapillary,0.7544378698224852,perspective,0.6429980276134122,-
0,Casablanca,444,0.0888,0.04054102295968413,0.21752117406889726,0.2899476063278733,drive,0.9301801801801802,2021,0.7747747747747747,6,0.7747747747747747,21,0.6914414414414415,Mapillary,0.7747747747747747,perspective,1.0,"year(+0.70), month(+0.70), hour(+0.63)"
1,Casablanca,1819,0.3638,0.06854455129898814,0.3833000953888386,0.11101531544430349,drive,0.8894997251236944,2018,0.9912039582188016,4,0.9912039582188016,11,0.4958768554150632,Mapillary,0.9895547003848268,perspective,1.0,-
2,Casablanca,2737,0.5474,0.06848579587306503,0.27594245181041543,0.2360695932962557,drive,0.9141395688710267,2018,0.9981731823164048,4,0.9981731823164048,11,0.4084764340518816,Mapillary,0.9963463646328097,perspective,1.0,-
0,Dar es Salaam,1499,0.2998,0.15211672790552486,0.26357780075632353,0.15037786295126698,drive,0.857238158772515,2018,0.7384923282188125,10,0.6484322881921281,13,0.19879919946631086,Mapillary,1.0,perspective,1.0,-
1,Dar es Salaam,2499,0.4998,0.24235105966830484,0.19800231988360756,0.174946035566346,drive,0.8551420568227291,2018,0.9483793517406963,10,0.947579031612645,11,0.1400560224089636,Mapillary,1.0,perspective,1.0,"year(+0.21), month(+0.27)"
2,Dar es Salaam,1002,0.2004,0.12312333248194356,0.10079330681141634,0.2777672730603809,drive,0.811377245508982,2015,0.5718562874251497,9,0.37624750499001997,11,0.156686626746507,Mapillary,1.0,perspective,1.0,-
0,Jakarta,1516,0.3032,0.22584570084007552,0.16419437335013704,0.09698271893046582,drive,0.7368073878627969,2022,0.45316622691292874,5,0.5408970976253298,16,0.1503957783641161,Mapillary,0.7678100263852242,fisheye,0.612796833773087,-
1,Jakarta,2192,0.4384,0.27251278309409144,0.10813460163118836,0.09964533405974496,drive,0.7823905109489051,2022,0.7778284671532847,5,0.7778284671532847,9,0.23813868613138686,Mapillary,0.9940693430656934,fisheye,0.9940693430656934,"year(+0.27), source(+0.21), projection_type(+0.34)"
2,Jakarta,1292,0.2584,0.24869909486424782,0.12471617741790551,0.14977994734289157,drive,0.8606811145510835,2020,0.5611455108359134,6,0.4311145510835913,14,0.17879256965944273,KartaView,0.5712074303405573,perspective,0.8931888544891641,projection_type(+0.54)
0,Kampala,1931,0.3862,0.14096935480019468,0.09207612857494485,0.11713355476772554,drive,0.8508544795442776,2017,0.45261522527187986,5,0.40704298291040913,8,0.2578974624546867,Mapillary,0.9766960124287933,perspective,1.0,-
1,Kampala,1511,0.3022,0.20655480352229738,0.1950442742247739,0.14735007558065352,drive,0.913964262078094,2018,0.6558570483123759,11,0.5552614162806089,17,0.15089344804765056,Mapillary,0.9781601588352085,perspective,0.9960291197882197,-
2,Kampala,1558,0.3116,0.2457286926750944,0.19126974827114485,0.17396896866737604,drive,0.9390243902439024,2018,0.8369704749679076,11,0.7881899871630296,17,0.14505776636713735,Mapillary,0.9974326059050064,perspective,0.9749679075738126,"year(+0.37), month(+0.37)"
0,Kuwait City,1605,0.321,0.07715039377338224,0.17018711648907206,0.2644353407360503,drive,0.8722741433021807,2022,0.7881619937694704,11,0.7862928348909657,10,0.22990654205607478,Mapillary,1.0,perspective,1.0,-
1,Kuwait City,1318,0.2636,0.08831859597109078,0.20981307028800125,0.20181145884679366,drive,0.8406676783004552,2022,0.6547799696509864,11,0.629742033383915,9,0.251896813353566,Mapillary,1.0,perspective,1.0,-
2,Kuwait City,2077,0.4154,0.05683716821000263,0.16972056829357268,0.23696120936686219,drive,0.9301877708233028,2022,1.0,11,1.0,12,0.2811747713047665,Mapillary,1.0,perspective,1.0,-
0,Lima,1317,0.2634,0.04034036638410757,0.22370877632392003,0.42925477307104504,drive,0.9301442672741078,2016,1.0,7,1.0,10,0.24525436598329536,Mapillary,1.0,perspective,1.0,-
1,Lima,2277,0.4554,0.0516934804732776,0.27252036437142774,0.18825970550287247,drive,0.8959156785243741,2016,0.8234519104084321,7,0.8221343873517787,12,0.2274923144488362,Mapillary,1.0,perspective,1.0,-
2,Lima,1406,0.2812,0.040490338852968204,0.3561304502970971,0.1582582933498782,drive,0.8940256045519204,2016,0.7560455192034139,7,0.7069701280227596,10,0.3029871977240398,Mapillary,1.0,perspective,1.0,-
0,Lisbon,2226,0.4452,0.037680285170789966,0.3728236401589079,0.21149156032522262,drive,0.7070979335130279,2021,0.25381850853548965,12,0.23450134770889489,16,0.15588499550763701,Mapillary,0.9995507637017071,perspective,0.6199460916442049,-
1,Lisbon,2144,0.4288,0.06394621731349115,0.32508143235550624,0.16319137027293704,drive,0.5541044776119403,2017,0.2933768656716418,12,0.2635261194029851,16,0.11054104477611941,Mapillary,1.0,perspective,0.8213619402985075,-
2,Lisbon,630,0.126,0.10167584434860368,0.252554019448971,0.16471958599199182,walk,0.5476190476190477,2022,0.4936507936507937,7,0.6412698412698413,9,0.16666666666666666,Mapillary,1.0,perspective,0.9841269841269841,"month(+0.53), projection_type(+0.23)"
0,Maseru,1063,0.2126,0.21109348363197555,0.1211728046369806,0.2108946333026689,drive,0.7676387582314205,2016,0.32831608654750705,2,0.7046095954844779,16,0.1458137347130762,Mapillary,1.0,perspective,1.0,-
1,Maseru,2111,0.4222,0.20746125215737773,0.0443081318176183,0.2942816919072517,drive,0.9095215537659876,2016,0.3675982946470867,2,0.7513027001421128,16,0.16390336333491237,Mapillary,1.0,perspective,1.0,-
2,Maseru,1826,0.3652,0.2019861193784148,0.019989242630275135,0.3076791770971818,drive,0.9731653888280394,2016,0.4578313253012048,2,0.7185104052573932,16,0.15279299014238773,Mapillary,1.0,perspective,1.0,-
0,Melbourne,2003,0.4006,0.1990189806702889,0.29827376931665867,0.1261826761812381,drive,0.6505242136794808,2020,0.5576635047428856,3,0.254618072890664,12,0.14628057913130305,Mapillary,0.9865202196704943,fisheye,0.9585621567648527,projection_type(+0.25)
1,Melbourne,1241,0.2482,0.16838352785799457,0.20255095533689088,0.10288520796105112,drive,0.5769540692989524,2019,0.36502820306204675,1,0.21434327155519742,1,0.0991136180499597,Mapillary,0.8251410153102336,perspective,0.7316680096696213,projection_type(+0.44)
2,Melbourne,1756,0.3512,0.20104082339205698,0.2344346172250575,0.15864290763878783,drive,0.6594533029612756,2019,0.5535307517084282,11,0.219248291571754,12,0.13439635535307518,Mapillary,0.9219817767653758,fisheye,0.7351936218678815,-
0,Moscow,2266,0.4532,0.035137503695707534,0.25030267708873405,0.11439472047052165,drive,0.6407766990291263,2020,0.6006178287731686,2,0.1209179170344219,12,0.10900264783759929,Mapillary,1.0,perspective,0.8870255957634599,-
1,Moscow,937,0.1874,0.02816033789381152,0.23754893453397682,0.1121923820873702,drive,0.6275346851654215,2020,0.7481323372465315,2,0.27961579509071505,13,0.1376734258271078,Mapillary,0.9626467449306296,perspective,0.80042689434365,-
2,Moscow,1797,0.3594,0.02512420155536575,0.3181773769092505,0.0742170926382855,drive,0.6388425153032833,2020,0.5409015025041736,2,0.24485253199777407,20,0.112409571508069,Mapillary,1.0,perspective,0.5659432387312187,-
0,Ottawa,1051,0.2102,0.1265598663341661,0.2314150188079886,0.1480648098944401,walk,0.47573739295908657,2017,0.3425309229305423,7,0.20266412940057088,14,0.13891531874405327,Mapillary,0.9333967649857279,perspective,0.7564224548049476,-
1,Ottawa,2138,0.4276,0.13624381279356756,0.18332553287047912,0.21813002170024667,drive,0.558933582787652,2017,0.3489242282507016,7,0.21141253507951357,14,0.1580916744621141,Mapillary,0.9293732460243218,perspective,0.7039289055191768,-
2,Ottawa,1811,0.3622,0.1470744003190749,0.1448047579657045,0.25392986298737774,drive,0.5726118166758697,2017,0.39480949751518496,7,0.18774157923799006,14,0.13914964108227498,Mapillary,0.9740474875759249,perspective,0.695196024295969,-
0,San Francisco,1605,0.321,0.20116451069644253,0.2014236649892967,0.1378275135789037,drive,0.7831775700934579,2016,0.5875389408099688,9,0.6292834890965732,15,0.1806853582554517,Mapillary,0.9925233644859813,perspective,1.0,month(+0.30)
1,San Francisco,1416,0.2832,0.20581613791370593,0.14262144857053333,0.3077226658232069,drive,0.7980225988700564,2016,0.20056497175141244,12,0.1942090395480226,11,0.1504237288135593,Mapillary,0.9498587570621468,perspective,1.0,-
2,San Francisco,1979,0.3958,0.22277769460989535,0.18400991309937054,0.19262967359905292,drive,0.7114704396159677,2016,0.3734209196563921,9,0.2748863062152602,7,0.13137948458817586,Mapillary,0.8524507326932794,perspective,1.0,-
0,San Jose,1153,0.2306,0.1323545709506267,0.2524834309442327,0.14170526655688423,drive,0.7077189939288812,2015,0.3148308759757155,1,0.2896790980052038,7,0.11274934952298352,Mapillary,0.955767562879445,perspective,0.9410234171725932,-
1,San Jose,2224,0.4448,0.11719965666656368,0.2029146167714171,0.19612621554753285,drive,0.7212230215827338,2017,0.3147482014388489,1,0.3268884892086331,16,0.09982014388489209,Mapillary,0.9321043165467626,perspective,0.8925359712230215,-
2,San Jose,1623,0.3246,0.08795604865733908,0.20291386759085459,0.2621287000775427,drive,0.8139248305606901,2015,0.3031423290203327,1,0.3099199014171288,12,0.08749229821318547,Mapillary,0.9242144177449169,perspective,0.904497843499692,-
0,Sao Paulo,2192,0.4384,0.1459203652063027,0.26773764833691777,0.183992055051086,drive,0.7696167883211679,2021,0.511405109489051,3,0.6021897810218978,16,0.17746350364963503,Mapillary,0.9543795620437956,fisheye,0.7258211678832117,-
1,Sao Paulo,790,0.158,0.15138038724017855,0.14833771508533686,0.11553432175666836,drive,0.8341772151898734,2020,0.3721518987341772,3,0.28354430379746837,12,0.10253164556962026,Mapillary,0.7734177215189874,perspective,0.7151898734177216,projection_type(+0.46)
2,Sao Paulo,2018,0.4036,0.1645938019710525,0.23308326417144698,0.2558593767944827,drive,0.8384539147670962,2020,0.5104063429137761,3,0.47621407333994054,17,0.13825569871159563,Mapillary,0.9915758176412289,fisheye,0.94400396432111,-
0,Singapore,1736,0.3472,0.49943870012988795,0.04567512506813657,0.07201575582472608,drive,0.4902073732718894,2015,0.4337557603686636,6,0.4619815668202765,11,0.195852534562212,Mapillary,0.8899769585253456,perspective,1.0,-
1,Singapore,1673,0.3346,0.4481129992137252,0.04717304860454798,0.18961615227392425,drive,0.7549312612074118,2015,0.7453676031081888,6,0.39748953974895396,11,0.20621637776449492,Mapillary,0.9276748356246264,perspective,1.0,year(+0.34)
2,Singapore,1591,0.3182,0.456316713890184,0.05994501418934915,0.13801233318020786,drive,0.6945317410433689,2017,0.9472030169704588,1,0.9472030169704588,11,0.3463230672532998,Mapillary,0.983029541169076,perspective,1.0,"year(+0.56), month(+0.53)"
0,Taipei,2010,0.402,0.13074019354531505,0.22576476853928898,0.1669356938520962,drive,0.7681592039800995,2020,0.5263681592039801,1,0.18606965174129353,21,0.0791044776119403,Mapillary,0.9985074626865672,fisheye,0.8711442786069652,-
1,Taipei,1788,0.3576,0.11041778053150213,0.265694865810006,0.190310480413164,drive,0.7975391498881432,2020,0.7136465324384788,9,0.1907158836689038,19,0.10514541387024609,Mapillary,1.0,fisheye,0.9798657718120806,-
2,Taipei,1202,0.2404,0.13119766039085598,0.26599897973996345,0.10386384511848834,drive,0.6422628951747088,2020,0.35856905158069885,8,0.20465890183028287,14,0.0973377703826955,Mapillary,0.997504159733777,fisheye,0.5690515806988353,-
0,Tokyo,1935,0.387,0.08321678182883697,0.2860167529493788,0.08118399824786723,drive,0.6568475452196383,2018,0.27958656330749354,4,0.16744186046511628,12,0.13178294573643412,Mapillary,0.9612403100775194,perspective,0.9881136950904392,-
1,Tokyo,1596,0.3192,0.06296720161357108,0.27774911246097367,0.10676822631061639,drive,0.7763157894736842,2018,0.35213032581453635,11,0.19548872180451127,8,0.19047619047619047,Mapillary,0.9630325814536341,perspective,0.9974937343358395,-
2,Tokyo,1469,0.2938,0.09975171272445148,0.3110727055456123,0.055984039933860086,drive,0.5330156569094622,2018,0.27161334240980256,4,0.21647379169503064,12,0.1279782164737917,Mapillary,0.9714091218515998,perspective,1.0,-
0,Washington,1794,0.3588,0.0005006550951742106,0.35055957695074297,0.0015105586560385878,drive,0.8338907469342252,2019,0.3500557413600892,12,0.3032329988851728,9,0.15105908584169453,Mapillary,1.0,perspective,1.0,-
1,Washington,1784,0.3568,0.10800257954749241,0.12112162058284594,0.006142474976573792,drive,0.804932735426009,2021,0.5033632286995515,12,0.4859865470852018,8,0.14573991031390135,Mapillary,0.999439461883408,perspective,0.9983183856502242,-
2,Washington,1422,0.2844,0.1602734497970571,0.17416322780244614,0.11365034452275714,drive,0.639943741209564,2022,0.3952180028129395,11,0.1729957805907173,8,0.13853727144866385,Mapillary,0.8804500703234881,perspective,0.7981715893108298,-
